{"cameraMode":{"drawMode":0,"name":"Shaded","section":"Shading Mode"},"sceneLighting":true,"audioPlay":false,"sceneViewState":{"m_AlwaysRefresh":false,"showFog":true,"showSkybox":true,"showFlares":true,"showImageEffects":true,"showParticleSystems":true,"showVisualEffectGraphs":true,"m_FxEnabled":true},"in2DMode":false,"pivot":{"x":-26.622211456298829,"y":-2.475980520248413,"z":-56.783023834228519},"rotation":{"x":-0.13535161316394807,"y":-0.12157624214887619,"z":0.016700122505426408,"w":-0.9831227660179138},"size":11.250879287719727,"orthographic":false}