{"cameraMode":{"drawMode":0,"name":"Shaded","section":"Shading Mode"},"sceneLighting":true,"audioPlay":false,"sceneViewState":{"m_AlwaysRefresh":false,"showFog":true,"showSkybox":true,"showFlares":true,"showImageEffects":true,"showParticleSystems":true,"showVisualEffectGraphs":true,"m_FxEnabled":true},"in2DMode":false,"pivot":{"x":-118.35076141357422,"y":121.16090393066406,"z":-126.92498779296875},"rotation":{"x":-0.3966883718967438,"y":-0.38288235664367678,"z":0.18682290613651277,"w":-0.8131220936775208},"size":23.707677841186525,"orthographic":true}