{"cameraMode":{"drawMode":0,"name":"Shaded","section":"Shading Mode"},"sceneLighting":true,"audioPlay":false,"sceneViewState":{"m_AlwaysRefresh":false,"showFog":true,"showSkybox":true,"showFlares":true,"showImageEffects":true,"showParticleSystems":true,"showVisualEffectGraphs":true,"m_FxEnabled":true},"in2DMode":false,"pivot":{"x":-31.47496795654297,"y":1.5540313720703126,"z":-82.84365844726563},"rotation":{"x":-0.39097899198532107,"y":0.09141243994235993,"z":-0.039206717163324359,"w":-0.9150844812393189},"size":17.946828842163087,"orthographic":false}